id,FileName
0,/mnt/nvme/work/phone_labeling/img_raw/2_110_338_y.bin
1,/mnt/nvme/work/phone_labeling/img_raw/3_200_344_y.bin
2,/mnt/nvme/work/phone_labeling/img_raw/1_190_343_y.bin
3,/mnt/nvme/work/phone_labeling/img_raw/1_150_341_y.bin
4,/mnt/nvme/work/phone_labeling/img_raw/2_130_337_y.bin
5,/mnt/nvme/work/phone_labeling/img_raw/3_180_337_y.bin
6,/mnt/nvme/work/phone_labeling/img_raw/3_140_339_y.bin
7,/mnt/nvme/work/phone_labeling/img_raw/1_130_339_y.bin
8,/mnt/nvme/work/phone_labeling/img_raw/2_160_333_y.bin
9,/mnt/nvme/work/phone_labeling/img_raw/3_160_340_y.bin
10,/mnt/nvme/work/phone_labeling/img_raw/2_180_337_y.bin
11,/mnt/nvme/work/phone_labeling/img_raw/1_110_340_y.bin
