<annotation><filename>1_110_340_y.jpg</filename><folder>users/krutsch//road2</folder><source><submittedBy>1</submittedBy></source><imagesize><nrows>640</nrows><ncols>480</ncols></imagesize><object><name>road</name><deleted>0</deleted><verified>0</verified><occluded>no</occluded><attributes></attributes><parts><hasparts></hasparts><ispartof></ispartof></parts><date>21-01-21 13:58:56:870</date><id>0</id><polygon><username>anonymous</username><pt><x>86</x><y>335</y><time>21-01-21 13:58:34:340</time></pt><pt><x>169</x><y>279</y><time>21-01-21 13:58:35:785</time></pt><pt><x>221</x><y>248</y><time>21-01-21 13:58:38:364</time></pt><pt><x>239</x><y>239</y><time>21-01-21 13:58:39:812</time></pt><pt><x>253</x><y>240</y><time>21-01-21 13:58:40:721</time></pt><pt><x>275</x><y>250</y><time>21-01-21 13:58:41:941</time></pt><pt><x>303</x><y>267</y><time>21-01-21 13:58:42:804</time></pt><pt><x>333</x><y>298</y><time>21-01-21 13:58:43:792</time></pt><pt><x>368</x><y>324</y><time>21-01-21 13:58:45:003</time></pt><pt><x>394</x><y>346</y><time>21-01-21 13:58:46:664</time></pt><pt><x>258</x><y>342</y><time>21-01-21 13:58:47:886</time></pt><pt><x>176</x><y>339</y><time>21-01-21 13:58:49:255</time></pt><pt><x>115</x><y>338</y><time>21-01-21 13:58:50:535</time></pt><closed_date>21-01-21 13:58:51:462</closed_date></polygon></object></annotation>