<annotation><filename>1_130_339_y.jpg</filename><folder>users/krutsch//road2</folder><source><submittedBy>1</submittedBy></source><imagesize><nrows>640</nrows><ncols>480</ncols></imagesize><object><name>road</name><deleted>0</deleted><verified>0</verified><occluded>no</occluded><attributes></attributes><parts><hasparts></hasparts><ispartof></ispartof></parts><date>21-01-21 13:58:21:390</date><id>0</id><polygon><username>anonymous</username><pt><x>95</x><y>332</y><time>21-01-21 13:57:55:863</time></pt><pt><x>189</x><y>269</y><time>21-01-21 13:57:57:720</time></pt><pt><x>232</x><y>248</y><time>21-01-21 13:57:58:972</time></pt><pt><x>246</x><y>242</y><time>21-01-21 13:57:59:967</time></pt><pt><x>250</x><y>236</y><time>21-01-21 13:58:00:641</time></pt><pt><x>257</x><y>239</y><time>21-01-21 13:58:02:129</time></pt><pt><x>274</x><y>247</y><time>21-01-21 13:58:03:334</time></pt><pt><x>308</x><y>270</y><time>21-01-21 13:58:05:628</time></pt><pt><x>345</x><y>304</y><time>21-01-21 13:58:07:305</time></pt><pt><x>388</x><y>334</y><time>21-01-21 13:58:08:805</time></pt><pt><x>398</x><y>343</y><time>21-01-21 13:58:10:661</time></pt><pt><x>275</x><y>338</y><time>21-01-21 13:58:11:765</time></pt><pt><x>209</x><y>337</y><time>21-01-21 13:58:12:876</time></pt><pt><x>143</x><y>336</y><time>21-01-21 13:58:15:742</time></pt><closed_date>21-01-21 13:58:16:772</closed_date></polygon></object></annotation>