<annotation><filename>1_150_341_y.jpg</filename><folder>users/krutsch//road2</folder><source><submittedBy>1</submittedBy></source><imagesize><nrows>640</nrows><ncols>480</ncols></imagesize><object><name>road</name><deleted>0</deleted><verified>0</verified><occluded>no</occluded><attributes></attributes><parts><hasparts></hasparts><ispartof></ispartof></parts><date>21-01-21 13:57:45:727</date><id>0</id><polygon><username>anonymous</username><pt><x>97</x><y>343</y><time>21-01-21 13:57:21:224</time></pt><pt><x>221</x><y>268</y><time>21-01-21 13:57:22:524</time></pt><pt><x>247</x><y>255</y><time>21-01-21 13:57:23:933</time></pt><pt><x>257</x><y>252</y><time>21-01-21 13:57:25:325</time></pt><pt><x>280</x><y>266</y><time>21-01-21 13:57:26:738</time></pt><pt><x>317</x><y>294</y><time>21-01-21 13:57:28:130</time></pt><pt><x>361</x><y>331</y><time>21-01-21 13:57:29:661</time></pt><pt><x>387</x><y>353</y><time>21-01-21 13:57:33:332</time></pt><pt><x>235</x><y>346</y><time>21-01-21 13:57:36:203</time></pt><pt><x>163</x><y>345</y><time>21-01-21 13:57:38:378</time></pt><pt><x>121</x><y>345</y><time>21-01-21 13:57:40:289</time></pt><closed_date>21-01-21 13:57:41:524</closed_date></polygon></object></annotation>