<annotation><filename>1_190_343_y.jpg</filename><folder>users/krutsch//road2</folder><source><submittedBy>1</submittedBy></source><imagesize><nrows>640</nrows><ncols>480</ncols></imagesize><object><name>road</name><deleted>0</deleted><verified>0</verified><occluded>no</occluded><attributes></attributes><parts><hasparts></hasparts><ispartof></ispartof></parts><date>21-01-21 13:57:10:835</date><id>0</id><polygon><username>anonymous</username><pt><x>101</x><y>327</y><time>21-01-21 13:56:44:060</time></pt><pt><x>219</x><y>252</y><time>21-01-21 13:56:45:598</time></pt><pt><x>244</x><y>237</y><time>21-01-21 13:56:52:047</time></pt><pt><x>263</x><y>234</y><time>21-01-21 13:56:53:365</time></pt><pt><x>285</x><y>250</y><time>21-01-21 13:56:54:654</time></pt><pt><x>333</x><y>287</y><time>21-01-21 13:56:56:523</time></pt><pt><x>371</x><y>317</y><time>21-01-21 13:56:57:643</time></pt><pt><x>399</x><y>338</y><time>21-01-21 13:57:00:014</time></pt><pt><x>297</x><y>333</y><time>21-01-21 13:57:01:460</time></pt><pt><x>207</x><y>332</y><time>21-01-21 13:57:03:611</time></pt><pt><x>137</x><y>330</y><time>21-01-21 13:57:04:751</time></pt><closed_date>21-01-21 13:57:06:024</closed_date></polygon></object></annotation>