<annotation><filename>2_110_338_y.jpg</filename><folder>users/krutsch//road2</folder><source><submittedBy>1</submittedBy></source><imagesize><nrows>640</nrows><ncols>480</ncols></imagesize><object><name>road</name><deleted>0</deleted><verified>0</verified><occluded>no</occluded><attributes></attributes><parts><hasparts></hasparts><ispartof></ispartof></parts><date>21-01-21 13:56:34:242</date><id>0</id><polygon><username>anonymous</username><pt><x>124</x><y>336</y><time>21-01-21 13:56:12:355</time></pt><pt><x>232</x><y>256</y><time>21-01-21 13:56:13:676</time></pt><pt><x>252</x><y>235</y><time>21-01-21 13:56:15:480</time></pt><pt><x>264</x><y>230</y><time>21-01-21 13:56:17:118</time></pt><pt><x>272</x><y>241</y><time>21-01-21 13:56:17:812</time></pt><pt><x>298</x><y>256</y><time>21-01-21 13:56:18:697</time></pt><pt><x>330</x><y>284</y><time>21-01-21 13:56:19:847</time></pt><pt><x>395</x><y>330</y><time>21-01-21 13:56:21:352</time></pt><pt><x>415</x><y>342</y><time>21-01-21 13:56:23:022</time></pt><pt><x>280</x><y>338</y><time>21-01-21 13:56:24:675</time></pt><pt><x>185</x><y>337</y><time>21-01-21 13:56:25:959</time></pt><pt><x>142</x><y>336</y><time>21-01-21 13:56:27:135</time></pt><closed_date>21-01-21 13:56:28:181</closed_date></polygon></object></annotation>