<annotation><filename>2_130_337_y.jpg</filename><folder>users/krutsch//road2</folder><source><submittedBy>1</submittedBy></source><imagesize><nrows>640</nrows><ncols>480</ncols></imagesize><object><name>road</name><deleted>0</deleted><verified>0</verified><occluded>no</occluded><attributes></attributes><parts><hasparts></hasparts><ispartof></ispartof></parts><date>21-01-21 13:53:03:607</date><id>0</id><polygon><username>anonymous</username><pt><x>116</x><y>342</y><time>21-01-21 13:52:39:923</time></pt><pt><x>225</x><y>261</y><time>21-01-21 13:52:41:431</time></pt><pt><x>253</x><y>239</y><time>21-01-21 13:52:42:656</time></pt><pt><x>264</x><y>237</y><time>21-01-21 13:52:44:100</time></pt><pt><x>273</x><y>241</y><time>21-01-21 13:52:44:813</time></pt><pt><x>292</x><y>256</y><time>21-01-21 13:52:46:673</time></pt><pt><x>327</x><y>281</y><time>21-01-21 13:52:47:990</time></pt><pt><x>377</x><y>319</y><time>21-01-21 13:52:49:168</time></pt><pt><x>417</x><y>343</y><time>21-01-21 13:52:50:024</time></pt><pt><x>376</x><y>345</y><time>21-01-21 13:52:52:526</time></pt><pt><x>311</x><y>343</y><time>21-01-21 13:52:53:540</time></pt><pt><x>205</x><y>341</y><time>21-01-21 13:52:56:015</time></pt><pt><x>156</x><y>342</y><time>21-01-21 13:52:57:956</time></pt><closed_date>21-01-21 13:52:59:047</closed_date></polygon></object></annotation>