<annotation><filename>2_160_333_y.jpg</filename><folder>users/krutsch//road2</folder><source><submittedBy>1</submittedBy></source><imagesize><nrows>640</nrows><ncols>480</ncols></imagesize><object><name>road</name><deleted>0</deleted><verified>0</verified><occluded>no</occluded><attributes></attributes><parts><hasparts></hasparts><ispartof></ispartof></parts><date>21-01-21 13:52:33:539</date><id>0</id><polygon><username>anonymous</username><pt><x>121</x><y>333</y><time>21-01-21 13:52:10:913</time></pt><pt><x>223</x><y>257</y><time>21-01-21 13:52:12:728</time></pt><pt><x>243</x><y>240</y><time>21-01-21 13:52:14:001</time></pt><pt><x>245</x><y>235</y><time>21-01-21 13:52:14:979</time></pt><pt><x>250</x><y>233</y><time>21-01-21 13:52:15:628</time></pt><pt><x>263</x><y>237</y><time>21-01-21 13:52:16:285</time></pt><pt><x>276</x><y>247</y><time>21-01-21 13:52:17:218</time></pt><pt><x>309</x><y>272</y><time>21-01-21 13:52:18:527</time></pt><pt><x>359</x><y>307</y><time>21-01-21 13:52:20:240</time></pt><pt><x>401</x><y>337</y><time>21-01-21 13:52:22:352</time></pt><pt><x>317</x><y>336</y><time>21-01-21 13:52:24:309</time></pt><pt><x>213</x><y>334</y><time>21-01-21 13:52:26:076</time></pt><pt><x>156</x><y>335</y><time>21-01-21 13:52:27:980</time></pt><closed_date>21-01-21 13:52:29:053</closed_date></polygon></object></annotation>