<annotation><filename>2_180_337_y.jpg</filename><folder>users/krutsch//road2</folder><source><submittedBy>1</submittedBy></source><imagesize><nrows>640</nrows><ncols>480</ncols></imagesize><object><name>road</name><deleted>0</deleted><verified>0</verified><occluded>no</occluded><attributes></attributes><parts><hasparts></hasparts><ispartof></ispartof></parts><date>21-01-21 13:52:04:128</date><id>0</id><polygon><username>anonymous</username><pt><x>113</x><y>349</y><time>21-01-21 13:51:36:279</time></pt><pt><x>227</x><y>264</y><time>21-01-21 13:51:43:694</time></pt><pt><x>249</x><y>245</y><time>21-01-21 13:51:45:060</time></pt><pt><x>256</x><y>243</y><time>21-01-21 13:51:46:914</time></pt><pt><x>268</x><y>249</y><time>21-01-21 13:51:47:770</time></pt><pt><x>285</x><y>263</y><time>21-01-21 13:51:49:073</time></pt><pt><x>327</x><y>291</y><time>21-01-21 13:51:50:142</time></pt><pt><x>370</x><y>325</y><time>21-01-21 13:51:51:390</time></pt><pt><x>409</x><y>350</y><time>21-01-21 13:51:52:613</time></pt><pt><x>413</x><y>353</y><time>21-01-21 13:51:53:693</time></pt><pt><x>337</x><y>350</y><time>21-01-21 13:51:54:893</time></pt><pt><x>246</x><y>349</y><time>21-01-21 13:51:55:914</time></pt><pt><x>174</x><y>348</y><time>21-01-21 13:51:57:533</time></pt><closed_date>21-01-21 13:51:58:721</closed_date></polygon></object></annotation>