<annotation><filename>3_120_345_y.jpg</filename><folder>users/krutsch//road2</folder><source><submittedBy>1</submittedBy></source><imagesize><nrows>640</nrows><ncols>480</ncols></imagesize><object><name>road</name><deleted>0</deleted><verified>0</verified><occluded>no</occluded><attributes></attributes><parts><hasparts></hasparts><ispartof></ispartof></parts><date>21-01-21 13:51:12:012</date><id>0</id><polygon><username>anonymous</username><pt><x>118</x><y>355</y><time>21-01-21 13:50:43:223</time></pt><pt><x>228</x><y>276</y><time>21-01-21 13:50:46:696</time></pt><pt><x>245</x><y>255</y><time>21-01-21 13:50:49:046</time></pt><pt><x>255</x><y>253</y><time>21-01-21 13:50:50:928</time></pt><pt><x>270</x><y>260</y><time>21-01-21 13:50:51:856</time></pt><pt><x>284</x><y>270</y><time>21-01-21 13:50:53:159</time></pt><pt><x>306</x><y>285</y><time>21-01-21 13:50:55:120</time></pt><pt><x>355</x><y>324</y><time>21-01-21 13:50:56:368</time></pt><pt><x>403</x><y>362</y><time>21-01-21 13:50:58:966</time></pt><pt><x>404</x><y>364</y><time>21-01-21 13:51:00:869</time></pt><pt><x>301</x><y>360</y><time>21-01-21 13:51:02:280</time></pt><pt><x>197</x><y>360</y><time>21-01-21 13:51:04:345</time></pt><pt><x>141</x><y>358</y><time>21-01-21 13:51:05:452</time></pt><closed_date>21-01-21 13:51:06:426</closed_date></polygon></object></annotation>