<annotation><filename>3_140_339_y.jpg</filename><folder>users/krutsch//road2</folder><source><submittedBy>1</submittedBy></source><imagesize><nrows>640</nrows><ncols>480</ncols></imagesize><object><name>road</name><deleted>0</deleted><verified>0</verified><occluded>no</occluded><attributes></attributes><parts><hasparts></hasparts><ispartof></ispartof></parts><date>21-01-21 13:50:32:315</date><id>0</id><polygon><username>anonymous</username><pt><x>110</x><y>350</y><time>21-01-21 13:50:06:546</time></pt><pt><x>217</x><y>272</y><time>21-01-21 13:50:07:798</time></pt><pt><x>243</x><y>252</y><time>21-01-21 13:50:08:837</time></pt><pt><x>242</x><y>242</y><time>21-01-21 13:50:10:373</time></pt><pt><x>252</x><y>242</y><time>21-01-21 13:50:11:202</time></pt><pt><x>267</x><y>253</y><time>21-01-21 13:50:12:055</time></pt><pt><x>288</x><y>268</y><time>21-01-21 13:50:13:255</time></pt><pt><x>318</x><y>289</y><time>21-01-21 13:50:14:173</time></pt><pt><x>351</x><y>316</y><time>21-01-21 13:50:15:267</time></pt><pt><x>390</x><y>341</y><time>21-01-21 13:50:16:286</time></pt><pt><x>404</x><y>353</y><time>21-01-21 13:50:18:086</time></pt><pt><x>403</x><y>354</y><time>21-01-21 13:50:19:831</time></pt><pt><x>299</x><y>352</y><time>21-01-21 13:50:21:607</time></pt><pt><x>222</x><y>352</y><time>21-01-21 13:50:23:176</time></pt><pt><x>161</x><y>350</y><time>21-01-21 13:50:24:584</time></pt><closed_date>21-01-21 13:50:25:918</closed_date></polygon></object></annotation>