<annotation><filename>3_160_340_y.jpg</filename><folder>users/krutsch//road2</folder><source><submittedBy>1</submittedBy></source><imagesize><nrows>640</nrows><ncols>480</ncols></imagesize><object><name>road</name><deleted>0</deleted><verified>0</verified><occluded>no</occluded><attributes></attributes><parts><hasparts></hasparts><ispartof></ispartof></parts><date>21-01-21 13:49:57:238</date><id>0</id><polygon><username>anonymous</username><pt><x>112</x><y>358</y><time>21-01-21 13:49:33:016</time></pt><pt><x>217</x><y>282</y><time>21-01-21 13:49:35:464</time></pt><pt><x>245</x><y>261</y><time>21-01-21 13:49:37:006</time></pt><pt><x>246</x><y>252</y><time>21-01-21 13:49:38:816</time></pt><pt><x>253</x><y>249</y><time>21-01-21 13:49:39:597</time></pt><pt><x>265</x><y>256</y><time>21-01-21 13:49:40:500</time></pt><pt><x>292</x><y>278</y><time>21-01-21 13:49:42:481</time></pt><pt><x>344</x><y>316</y><time>21-01-21 13:49:44:564</time></pt><pt><x>406</x><y>362</y><time>21-01-21 13:49:46:437</time></pt><pt><x>250</x><y>358</y><time>21-01-21 13:49:49:177</time></pt><pt><x>157</x><y>359</y><time>21-01-21 13:49:50:896</time></pt><closed_date>21-01-21 13:49:51:817</closed_date></polygon></object></annotation>