<annotation><filename>3_180_337_y.jpg</filename><folder>users/krutsch//road2</folder><source><submittedBy>1</submittedBy></source><imagesize><nrows>640</nrows><ncols>480</ncols></imagesize><object><name>road</name><deleted>0</deleted><verified>0</verified><occluded>no</occluded><attributes></attributes><parts><hasparts></hasparts><ispartof></ispartof></parts><date>21-01-21 13:49:18:391</date><id>0</id><polygon><username>anonymous</username><pt><x>119</x><y>358</y><time>21-01-21 13:48:44:418</time></pt><pt><x>210</x><y>291</y><time>21-01-21 13:48:45:729</time></pt><pt><x>245</x><y>264</y><time>21-01-21 13:48:47:012</time></pt><pt><x>247</x><y>256</y><time>21-01-21 13:48:48:392</time></pt><pt><x>250</x><y>251</y><time>21-01-21 13:48:49:107</time></pt><pt><x>259</x><y>255</y><time>21-01-21 13:48:50:133</time></pt><pt><x>270</x><y>259</y><time>21-01-21 13:48:51:266</time></pt><pt><x>298</x><y>284</y><time>21-01-21 13:48:53:003</time></pt><pt><x>376</x><y>340</y><time>21-01-21 13:48:55:026</time></pt><pt><x>409</x><y>365</y><time>21-01-21 13:48:59:585</time></pt><pt><x>259</x><y>362</y><time>21-01-21 13:49:03:219</time></pt><pt><x>135</x><y>362</y><time>21-01-21 13:49:05:505</time></pt><closed_date>21-01-21 13:49:06:295</closed_date></polygon></object></annotation>