<annotation><filename>3_200_344_y.jpg</filename><folder>users/krutsch//road2</folder><source><submittedBy>1</submittedBy></source><imagesize><nrows>640</nrows><ncols>480</ncols></imagesize><object><name>road</name><deleted>0</deleted><verified>0</verified><occluded>no</occluded><attributes></attributes><parts><hasparts></hasparts><ispartof></ispartof></parts><date>21-01-21 13:47:48:637</date><id>0</id><polygon><username>anonymous</username><pt><x>120</x><y>349</y><time>21-01-21 13:47:07:004</time></pt><pt><x>239</x><y>264</y><time>21-01-21 13:47:13:782</time></pt><pt><x>252</x><y>249</y><time>21-01-21 13:47:15:665</time></pt><pt><x>248</x><y>245</y><time>21-01-21 13:47:17:923</time></pt><pt><x>259</x><y>242</y><time>21-01-21 13:47:19:396</time></pt><pt><x>264</x><y>248</y><time>21-01-21 13:47:20:731</time></pt><pt><x>274</x><y>253</y><time>21-01-21 13:47:22:250</time></pt><pt><x>307</x><y>279</y><time>21-01-21 13:47:25:449</time></pt><pt><x>368</x><y>325</y><time>21-01-21 13:47:27:061</time></pt><pt><x>416</x><y>357</y><time>21-01-21 13:47:28:932</time></pt><pt><x>351</x><y>357</y><time>21-01-21 13:47:32:710</time></pt><pt><x>247</x><y>353</y><time>21-01-21 13:47:35:504</time></pt><pt><x>159</x><y>352</y><time>21-01-21 13:47:37:425</time></pt><closed_date>21-01-21 13:47:38:753</closed_date></polygon></object></annotation>